<PAMDataset>
  <Metadata>
    <MDI key="COLORSPACE">GREYSCALE</MDI>
    <MDI key="COMPRESSION_RATE_TARGET">2</MDI>
  </Metadata>
  <PAMRasterBand band="1">
    <Description>Grayscale</Description>
    <Metadata>
      <MDI key="STATISTICS_MAXIMUM">3895</MDI>
      <MDI key="STATISTICS_MEAN">2618.7139830508</MDI>
      <MDI key="STATISTICS_MINIMUM">1477</MDI>
      <MDI key="STATISTICS_STDDEV">398.70995237652</MDI>
      <MDI key="STATISTICS_VALID_PERCENT">100</MDI>
    </Metadata>
  </PAMRasterBand>
</PAMDataset>
