<PAMDataset>
  <Metadata>
    <MDI key="COLORSPACE">GREYSCALE</MDI>
    <MDI key="COMPRESSION_RATE_TARGET">2</MDI>
  </Metadata>
  <PAMRasterBand band="1">
    <Description>Grayscale</Description>
    <Metadata>
      <MDI key="STATISTICS_MAXIMUM">1503</MDI>
      <MDI key="STATISTICS_MEAN">707.27118644068</MDI>
      <MDI key="STATISTICS_MINIMUM">632</MDI>
      <MDI key="STATISTICS_STDDEV">73.864071335024</MDI>
      <MDI key="STATISTICS_VALID_PERCENT">100</MDI>
    </Metadata>
  </PAMRasterBand>
</PAMDataset>
