<PAMDataset>
  <Metadata>
    <MDI key="COLORSPACE">GREYSCALE</MDI>
    <MDI key="COMPRESSION_RATE_TARGET">2</MDI>
  </Metadata>
  <PAMRasterBand band="1">
    <Description>Grayscale</Description>
    <Metadata>
      <MDI key="STATISTICS_MAXIMUM">3742</MDI>
      <MDI key="STATISTICS_MEAN">2881.1828087167</MDI>
      <MDI key="STATISTICS_MINIMUM">1948</MDI>
      <MDI key="STATISTICS_STDDEV">301.54258449075</MDI>
      <MDI key="STATISTICS_VALID_PERCENT">100</MDI>
    </Metadata>
  </PAMRasterBand>
</PAMDataset>
