<PAMDataset>
  <Metadata>
    <MDI key="COLORSPACE">GREYSCALE</MDI>
    <MDI key="COMPRESSION_RATE_TARGET">2</MDI>
  </Metadata>
  <PAMRasterBand band="1">
    <Description>Grayscale</Description>
    <Metadata>
      <MDI key="STATISTICS_MAXIMUM">1498</MDI>
      <MDI key="STATISTICS_MEAN">962.67282082324</MDI>
      <MDI key="STATISTICS_MINIMUM">871</MDI>
      <MDI key="STATISTICS_STDDEV">46.819553791387</MDI>
      <MDI key="STATISTICS_VALID_PERCENT">100</MDI>
    </Metadata>
  </PAMRasterBand>
</PAMDataset>
